id,description,timestamp,source_filename
fee2d232-4034-4727-9752-fb70cbdd010c,redefine end-to-end e-tailers,2021-02-21,data_2021-02-22.csv
fea75bbd-05a0-4f0a-8c56-cb78ad8dee37,re-intermediate dot-com initiatives,2021-02-22,data_2021-03-01.csv
fa093c61-8953-4d82-bfb9-9e1673ec12ef,streamline viral content,2021-02-23,data_2021-03-01.csv
f7b3cc77-4f9d-4c70-b003-6b5586979a64,redefine e-business models,2021-02-26,data_2021-03-01.csv
f523dd44-e2e3-4974-9e05-82ed37e4bb82,deliver interactive e-business,2021-02-21,data_2021-02-22.csv
ef69858b-b1cc-4346-a100-883701ad352e,empower vertical models,2021-02-22,data_2021-03-01.csv
ed1b2d06-b356-4ec7-a60e-cb466a977433,orchestrate cross-platform deliverables,2021-02-17,data_2021-02-22.csv
e39317ee-4e50-4bdb-bd1e-0a9b8f5cd666,repurpose turn-key action-items,2021-02-25,data_2021-03-01.csv
e35827b9-9cd8-44d7-87b4-4b0afb195a2a,harness efficient models,2021-02-18,data_2021-02-22.csv
e140e436-f09e-4a8b-9283-78bcc59108e5,disintermediate world-class partnerships,2021-02-17,data_2021-02-22.csv
dfffd220-bcca-4434-b182-6550e292690d,matrix 24/365 niches,2021-02-17,data_2021-02-22.csv
de8a5cd0-8b33-4efa-82ab-2868f2b97d44,streamline world-class communities,2021-02-25,data_2021-03-01.csv
dd824ed4-492b-4b77-ae63-dd5e53426160,streamline best-of-breed e-tailers,2021-02-22,data_2021-03-01.csv
dbc32dbf-8e87-45fd-a6eb-77408a9201b9,deliver intuitive convergence,2021-02-17,data_2021-02-22.csv
db012815-2c3d-46ab-8b7d-e3b3ce4d346e,redefine bricks-and-clicks technologies,2021-02-17,data_2021-02-22.csv
dabae7a6-aa4e-481a-91f7-5b67d9f149ee,aggregate cross-media technologies,2021-02-17,data_2021-02-22.csv
d7cc335b-deaf-49d2-bea1-055ddd35d652,incubate compelling partnerships,2021-02-25,data_2021-03-01.csv
cd6b51ef-c026-4149-9e9d-5f30f5c2d8f9,streamline collaborative functionalities,2021-02-20,data_2021-02-22.csv
cc52e5fa-fde1-4717-8b21-ca3e26c1a9b2,harness visionary methodologies,2021-02-19,data_2021-02-22.csv
cc1d3562-554f-4c94-b7fa-f8473a9bb6e3,generate transparent channels,2021-02-18,data_2021-02-22.csv
cba4d448-a594-46ae-b271-498e1884b573,optimize one-to-one info-mediaries,2021-02-19,data_2021-02-22.csv
c72dd018-e8ee-460f-b30b-e0dcbcaf3b62,productize web-enabled bandwidth,2021-02-28,data_2021-03-01.csv
c680f7c1-e2c6-43c1-abe2-69b26483151a,incubate virtual e-markets,2021-02-28,data_2021-03-01.csv
c489ed59-73f9-4705-baa4-aadc49705966,facilitate robust supply-chains,2021-02-15,data_2021-02-22.csv
c33007aa-769d-49b0-a59a-af5e428b289d,maximize leading-edge e-business,2021-02-23,data_2021-03-01.csv
c083f314-7421-460d-85d6-91faf2514f7c,syndicate best-of-breed niches,2021-02-19,data_2021-02-22.csv
bc1d601d-7e5b-428c-bcc1-7b4271232d86,enhance synergistic functionalities,2021-02-23,data_2021-03-01.csv
ba889c02-c41b-465c-9eb9-6bea6587f2d7,facilitate proactive bandwidth,2021-02-26,data_2021-03-01.csv
b69baff6-47dd-479e-aedf-f73cdc39eb8c,transform scalable paradigms,2021-02-22,data_2021-03-01.csv
b53943b6-8838-4cb2-bcfe-4019345ddec6,integrate transparent networks,2021-02-26,data_2021-03-01.csv
b358f8fa-c79b-4ec3-a9a7-fcfb506867bc,mesh interactive experiences,2021-02-15,data_2021-02-22.csv
b14034eb-34b5-4300-85b9-92b0d74b8bf5,monetize clicks-and-mortar schemas,2021-02-25,data_2021-03-01.csv
ac9d0f6e-8ccd-4720-9b6f-184aa464083d,embrace proactive methodologies,2021-02-25,data_2021-03-01.csv
a9688d76-25c2-4c53-baa6-8d69534a622f,strategize web-enabled platforms,2021-02-16,data_2021-02-22.csv
a7188d7e-7571-4240-81ca-def82b088c4a,generate killer markets,2021-03-01,data_2021-03-01.csv
a4d0be05-bc6a-40b5-af5d-55b4b3709a7b,reinvent cross-media networks,2021-02-15,data_2021-02-22.csv
a2e8519e-edff-45d0-a173-4a2debe0dfca,empower sticky interfaces,2021-02-26,data_2021-03-01.csv
a2b56bd6-9bcf-45c1-9be6-cc3053329f39,revolutionize efficient ROI,2021-02-26,data_2021-03-01.csv
a0837db0-fc00-46eb-b062-da156916901a,deliver vertical e-markets,2021-02-20,data_2021-02-22.csv
9f0adce3-c68e-4143-92bc-3963c48655bd,morph virtual action-items,2021-02-26,data_2021-03-01.csv
9d476230-55fd-402a-95fe-c13eb0120808,aggregate viral vortals,2021-02-21,data_2021-02-22.csv
9a99f383-d9d5-4c92-8a18-03f997e9209b,redefine strategic architectures,2021-02-23,data_2021-03-01.csv
99a78642-9aa0-4809-a2ec-b8ad2772b778,incubate 24/7 supply-chains,2021-02-18,data_2021-02-22.csv
96fb4fc1-a0b8-4672-beb0-e9c187fae5e6,engineer end-to-end info-mediaries,2021-03-01,data_2021-03-01.csv
96b63345-1d6c-46d0-8338-0fe2c42864a0,orchestrate cutting-edge systems,2021-02-24,data_2021-03-01.csv
94097a59-95f7-4a5b-bf7f-493bc900fdd9,extend out-of-the-box schemas,2021-02-16,data_2021-02-22.csv
887c70d8-f2da-4c8c-808a-9279cd86ba9d,benchmark cross-media info-mediaries,2021-02-22,data_2021-03-01.csv
87179fde-31c9-4492-9816-12770c15c9df,brand distributed infrastructures,2021-02-25,data_2021-03-01.csv
85224799-0ba5-4830-81b3-1f2a44f85503,whiteboard 24/7 vortals,2021-02-22,data_2021-03-01.csv
84168271-1f26-4ab8-9dae-f866a35354a9,target integrated mindshare,2021-02-24,data_2021-03-01.csv
83d6bb50-87ee-4529-b8c6-7a0ba40637ed,morph proactive bandwidth,2021-02-28,data_2021-03-01.csv
8374c28b-6eb8-4fd0-93e5-4b8a32a780c9,envisioneer virtual models,2021-02-22,data_2021-03-01.csv
829f9450-0fc3-40fe-b17f-f6777a8d0537,visualize impactful technologies,2021-02-18,data_2021-02-22.csv
808d59d8-95fb-4955-aae0-19bd9ce892b9,incentivize out-of-the-box functionalities,2021-02-24,data_2021-03-01.csv
7efb1163-45bc-4c66-a552-ef4badf63195,re-intermediate scalable technologies,2021-02-25,data_2021-03-01.csv
7b646bdd-e1f6-4474-aeef-ab8b82d89378,unleash B2B action-items,2021-03-01,data_2021-03-01.csv
7789996e-193a-48d7-a916-2ff4344792ec,generate interactive synergies,2021-02-16,data_2021-02-22.csv
72797f8e-24e3-4508-839e-39c965622342,facilitate robust systems,2021-02-19,data_2021-02-22.csv
6fb569b4-c06d-4e83-a827-59b589dd38b4,cultivate B2C channels,2021-02-15,data_2021-02-22.csv
6f991b29-64d0-4af2-8a88-c21bd8b53feb,revolutionize robust e-markets,2021-02-15,data_2021-02-22.csv
6b95b1b4-c2ba-4c69-ad28-c529e15e9b6d,architect enterprise convergence,2021-02-26,data_2021-03-01.csv
68aad774-966e-48b9-8528-08f5edf94be4,maximize B2C systems,2021-02-24,data_2021-03-01.csv
67f35297-b78a-486d-b028-3569819c914e,expedite wireless synergies,2021-02-17,data_2021-02-22.csv
6524aa53-d2a7-4615-9342-fa0cf917cde9,syndicate collaborative markets,2021-02-20,data_2021-02-22.csv
5a1821a6-d649-42f7-b192-056c4bb01e66,expedite synergistic initiatives,2021-02-26,data_2021-03-01.csv
59c3b1d5-81f7-4a48-84be-b922a5b02609,redefine compelling info-mediaries,2021-02-23,data_2021-03-01.csv
57a383b0-deb8-4175-9459-f49d3c9a20a5,evolve out-of-the-box bandwidth,2021-02-26,data_2021-03-01.csv
538c62a1-e21a-4abe-9da6-f55f35155057,redefine turn-key paradigms,2021-02-19,data_2021-02-22.csv
4fddc120-675c-467d-b4ac-9ee1879ed6b9,integrate interactive synergies,2021-02-15,data_2021-02-22.csv
4ed731b4-1f89-4eb7-941b-01b71fd8748f,exploit 24/7 schemas,2021-02-25,data_2021-03-01.csv
4b6f6e23-3bc3-4d6e-8eab-a23723e4f218,generate cross-media paradigms,2021-02-19,data_2021-02-22.csv
4880859a-a69a-42af-9132-73e6bf3790d8,architect bleeding-edge initiatives,2021-02-27,data_2021-03-01.csv
45cb21b2-2d4d-452a-aab5-820b4a299afc,mesh back-end ROI,2021-02-24,data_2021-03-01.csv
4475f3af-08d0-423e-9ab8-ec01cdefb1eb,cultivate real-time convergence,2021-02-20,data_2021-02-22.csv
3ea11cc1-ccb8-4296-8ad8-3a93b71ce5f5,e-enable compelling models,2021-02-23,data_2021-03-01.csv
3e9312cf-859a-4136-950c-1d3c677bafbe,aggregate visionary web services,2021-02-17,data_2021-02-22.csv
3a1f3c54-6837-447f-be46-7d3fab9cf8db,engineer transparent ROI,2021-02-26,data_2021-03-01.csv
38eaaa4b-0d43-4b08-bcf5-dc7ee5df1a02,disintermediate clicks-and-mortar niches,2021-02-18,data_2021-02-22.csv
2fef314c-c2e4-4704-a7ff-0723f4b31684,target innovative users,2021-02-23,data_2021-03-01.csv
2f75f1c4-cfcc-43f8-8774-eb5b722ab855,unleash distributed deliverables,2021-02-20,data_2021-02-22.csv
2f613026-c099-4470-a7bd-70eda9baae48,envisioneer proactive relationships,2021-02-23,data_2021-03-01.csv
2c467f52-f65c-4fea-aba2-2624929e091a,grow B2C functionalities,2021-02-18,data_2021-02-22.csv
2a72aebc-c80b-42dd-ace4-9c55b9aae6d8,disintermediate global users,2021-02-19,data_2021-02-22.csv
2824b19f-50bc-43b4-9329-106d7f4c5618,utilize out-of-the-box mindshare,2021-02-24,data_2021-03-01.csv
26ffa2c5-46fa-44b7-80e0-198c48c6f0f9,scale compelling channels,2021-02-28,data_2021-03-01.csv
22ac395f-15b9-4787-b3b3-3712253b691b,productize revolutionary action-items,2021-02-15,data_2021-02-22.csv
21868b88-533e-4f87-a405-1bec396c5af7,extend open-source solutions,2021-02-16,data_2021-02-22.csv
1fc2b44e-f623-4cbf-9cee-b4fac7cfca6c,enhance distributed paradigms,2021-02-21,data_2021-02-22.csv
1cc8894c-80d8-4601-9587-171474ac88b9,syndicate extensible initiatives,2021-02-16,data_2021-02-22.csv
1b88f7b8-7db5-4bf4-b460-a9a82bee3f07,matrix out-of-the-box architectures,2021-02-16,data_2021-02-22.csv
1689a506-aa55-4b67-bd45-7c2f1d753002,whiteboard real-time vortals,2021-02-15,data_2021-02-22.csv
15c34e42-36a1-455a-831b-aafe742daf65,optimize cross-media systems,2021-02-23,data_2021-03-01.csv
14df4470-1202-4299-8d18-abac7a04745e,repurpose best-of-breed action-items,2021-02-15,data_2021-02-22.csv
13f42c3b-5c0e-4f24-97fb-14c33e733e56,cultivate wireless bandwidth,2021-02-27,data_2021-03-01.csv
12b3bee3-e910-46d0-9232-9d8092567313,envisioneer real-time technologies,2021-02-27,data_2021-03-01.csv
0f0b6029-64e1-4076-b09a-b6807e4f69fc,leverage leading-edge supply-chains,2021-02-24,data_2021-03-01.csv
0c3627c6-53ce-48a4-8d0a-a98d6286438f,whiteboard enterprise info-mediaries,2021-02-19,data_2021-02-22.csv
0a8711d0-8264-4d78-bdcc-6c642fa2f151,monetize wireless eyeballs,2021-03-01,data_2021-03-01.csv
05a28e41-65b2-4d82-820c-82bda12a45bf,synthesize magnetic ROI,2021-02-20,data_2021-02-22.csv
022c6620-5606-493a-9e4d-7efda4ca7cd2,expedite sticky experiences,2021-02-25,data_2021-03-01.csv
